--
-- PostgreSQL database dump
--

-- Dumped from database version 12.3
-- Dumped by pg_dump version 12.3

SET statement_timeout = 0;
SET lock_timeout = 0;
SET idle_in_transaction_session_timeout = 0;
SET client_encoding = 'UTF8';
SET standard_conforming_strings = on;
SELECT pg_catalog.set_config('search_path', '', false);
SET check_function_bodies = false;
SET xmloption = content;
SET client_min_messages = warning;
SET row_security = off;

SET default_tablespace = '';

SET default_table_access_method = heap;

--
-- Name: AspNetRoles; Type: TABLE; Schema: public; Owner: Bartlomiej.Zawada
--

CREATE TABLE public."AspNetRoles" (
    "Id" character varying(128) NOT NULL,
    "Name" character varying(256) NOT NULL,
    "Discriminator" character varying(128) NOT NULL
);


ALTER TABLE public."AspNetRoles" OWNER TO "Bartlomiej.Zawada";

--
-- Name: AspNetUserClaims; Type: TABLE; Schema: public; Owner: Bartlomiej.Zawada
--

CREATE TABLE public."AspNetUserClaims" (
    "Id" integer NOT NULL,
    "UserId" character varying(128) NOT NULL,
    "ClaimType" text,
    "ClaimValue" text
);


ALTER TABLE public."AspNetUserClaims" OWNER TO "Bartlomiej.Zawada";

--
-- Name: AspNetUserClaims_Id_seq; Type: SEQUENCE; Schema: public; Owner: Bartlomiej.Zawada
--

CREATE SEQUENCE public."AspNetUserClaims_Id_seq"
    AS integer
    START WITH 1
    INCREMENT BY 1
    NO MINVALUE
    NO MAXVALUE
    CACHE 1;


ALTER TABLE public."AspNetUserClaims_Id_seq" OWNER TO "Bartlomiej.Zawada";

--
-- Name: AspNetUserClaims_Id_seq; Type: SEQUENCE OWNED BY; Schema: public; Owner: Bartlomiej.Zawada
--

ALTER SEQUENCE public."AspNetUserClaims_Id_seq" OWNED BY public."AspNetUserClaims"."Id";


--
-- Name: AspNetUserLogins; Type: TABLE; Schema: public; Owner: Bartlomiej.Zawada
--

CREATE TABLE public."AspNetUserLogins" (
    "LoginProvider" character varying(128) NOT NULL,
    "ProviderKey" character varying(128) NOT NULL,
    "UserId" character varying(128) NOT NULL
);


ALTER TABLE public."AspNetUserLogins" OWNER TO "Bartlomiej.Zawada";

--
-- Name: AspNetUserRoles; Type: TABLE; Schema: public; Owner: Bartlomiej.Zawada
--

CREATE TABLE public."AspNetUserRoles" (
    "UserId" character varying(128) NOT NULL,
    "RoleId" character varying(128) NOT NULL
);


ALTER TABLE public."AspNetUserRoles" OWNER TO "Bartlomiej.Zawada";

--
-- Name: AspNetUsers; Type: TABLE; Schema: public; Owner: Bartlomiej.Zawada
--

CREATE TABLE public."AspNetUsers" (
    "Id" character varying(128) NOT NULL,
    "Email" character varying(256),
    "EmailConfirmed" boolean NOT NULL,
    "PasswordHash" text,
    "SecurityStamp" text,
    "PhoneNumber" text,
    "PhoneNumberConfirmed" boolean NOT NULL,
    "TwoFactorEnabled" boolean NOT NULL,
    "LockoutEndDateUtc" timestamp without time zone,
    "LockoutEnabled" boolean NOT NULL,
    "AccessFailedCount" integer NOT NULL,
    "UserName" character varying(256) NOT NULL
);


ALTER TABLE public."AspNetUsers" OWNER TO "Bartlomiej.Zawada";

--
-- Name: Customers; Type: TABLE; Schema: public; Owner: Bartlomiej.Zawada
--

CREATE TABLE public."Customers" (
    "Id" integer NOT NULL,
    "Name" character varying(255) NOT NULL,
    "IsSubscribedToNewsletter" boolean NOT NULL,
    "MembershipTypeId" smallint NOT NULL,
    "Birthdate" timestamp without time zone
);


ALTER TABLE public."Customers" OWNER TO "Bartlomiej.Zawada";

--
-- Name: Customers_Id_seq; Type: SEQUENCE; Schema: public; Owner: Bartlomiej.Zawada
--

CREATE SEQUENCE public."Customers_Id_seq"
    AS integer
    START WITH 1
    INCREMENT BY 1
    NO MINVALUE
    NO MAXVALUE
    CACHE 1;


ALTER TABLE public."Customers_Id_seq" OWNER TO "Bartlomiej.Zawada";

--
-- Name: Customers_Id_seq; Type: SEQUENCE OWNED BY; Schema: public; Owner: Bartlomiej.Zawada
--

ALTER SEQUENCE public."Customers_Id_seq" OWNED BY public."Customers"."Id";


--
-- Name: Genres; Type: TABLE; Schema: public; Owner: Bartlomiej.Zawada
--

CREATE TABLE public."Genres" (
    "Id" smallint NOT NULL,
    "Name" text
);


ALTER TABLE public."Genres" OWNER TO "Bartlomiej.Zawada";

--
-- Name: MembershipTypes; Type: TABLE; Schema: public; Owner: Bartlomiej.Zawada
--

CREATE TABLE public."MembershipTypes" (
    "Id" smallint NOT NULL,
    "Name" text,
    "SignUpFee" smallint NOT NULL,
    "DurationInMonths" smallint NOT NULL,
    "DiscountRate" smallint NOT NULL
);


ALTER TABLE public."MembershipTypes" OWNER TO "Bartlomiej.Zawada";

--
-- Name: Movies; Type: TABLE; Schema: public; Owner: Bartlomiej.Zawada
--

CREATE TABLE public."Movies" (
    "Id" integer NOT NULL,
    "Name" text NOT NULL,
    "ReleaseDate" timestamp without time zone NOT NULL,
    "AddDate" timestamp without time zone NOT NULL,
    "NumberInStock" smallint NOT NULL,
    "GenreId" smallint NOT NULL
);


ALTER TABLE public."Movies" OWNER TO "Bartlomiej.Zawada";

--
-- Name: Movies_Id_seq; Type: SEQUENCE; Schema: public; Owner: Bartlomiej.Zawada
--

CREATE SEQUENCE public."Movies_Id_seq"
    AS integer
    START WITH 1
    INCREMENT BY 1
    NO MINVALUE
    NO MAXVALUE
    CACHE 1;


ALTER TABLE public."Movies_Id_seq" OWNER TO "Bartlomiej.Zawada";

--
-- Name: Movies_Id_seq; Type: SEQUENCE OWNED BY; Schema: public; Owner: Bartlomiej.Zawada
--

ALTER SEQUENCE public."Movies_Id_seq" OWNED BY public."Movies"."Id";


--
-- Name: __MigrationHistory; Type: TABLE; Schema: public; Owner: Bartlomiej.Zawada
--

CREATE TABLE public."__MigrationHistory" (
    "MigrationId" character varying(150) NOT NULL,
    "ContextKey" character varying(300) NOT NULL,
    "Model" bytea NOT NULL,
    "ProductVersion" character varying(32) NOT NULL
);


ALTER TABLE public."__MigrationHistory" OWNER TO "Bartlomiej.Zawada";

--
-- Name: AspNetUserClaims Id; Type: DEFAULT; Schema: public; Owner: Bartlomiej.Zawada
--

ALTER TABLE ONLY public."AspNetUserClaims" ALTER COLUMN "Id" SET DEFAULT nextval('public."AspNetUserClaims_Id_seq"'::regclass);


--
-- Name: Customers Id; Type: DEFAULT; Schema: public; Owner: Bartlomiej.Zawada
--

ALTER TABLE ONLY public."Customers" ALTER COLUMN "Id" SET DEFAULT nextval('public."Customers_Id_seq"'::regclass);


--
-- Name: Movies Id; Type: DEFAULT; Schema: public; Owner: Bartlomiej.Zawada
--

ALTER TABLE ONLY public."Movies" ALTER COLUMN "Id" SET DEFAULT nextval('public."Movies_Id_seq"'::regclass);


--
-- Data for Name: AspNetRoles; Type: TABLE DATA; Schema: public; Owner: Bartlomiej.Zawada
--

COPY public."AspNetRoles" ("Id", "Name", "Discriminator") FROM stdin;
\.


--
-- Data for Name: AspNetUserClaims; Type: TABLE DATA; Schema: public; Owner: Bartlomiej.Zawada
--

COPY public."AspNetUserClaims" ("Id", "UserId", "ClaimType", "ClaimValue") FROM stdin;
\.


--
-- Data for Name: AspNetUserLogins; Type: TABLE DATA; Schema: public; Owner: Bartlomiej.Zawada
--

COPY public."AspNetUserLogins" ("LoginProvider", "ProviderKey", "UserId") FROM stdin;
\.


--
-- Data for Name: AspNetUserRoles; Type: TABLE DATA; Schema: public; Owner: Bartlomiej.Zawada
--

COPY public."AspNetUserRoles" ("UserId", "RoleId") FROM stdin;
\.


--
-- Data for Name: AspNetUsers; Type: TABLE DATA; Schema: public; Owner: Bartlomiej.Zawada
--

COPY public."AspNetUsers" ("Id", "Email", "EmailConfirmed", "PasswordHash", "SecurityStamp", "PhoneNumber", "PhoneNumberConfirmed", "TwoFactorEnabled", "LockoutEndDateUtc", "LockoutEnabled", "AccessFailedCount", "UserName") FROM stdin;
\.


--
-- Data for Name: Customers; Type: TABLE DATA; Schema: public; Owner: Bartlomiej.Zawada
--

COPY public."Customers" ("Id", "Name", "IsSubscribedToNewsletter", "MembershipTypeId", "Birthdate") FROM stdin;
1	Franek Kimono	t	2	1990-12-31 00:00:00
2	Boris Yelnikoff	f	2	1984-02-25 00:00:00
3	Anna Ingeborga Klopstock	f	4	2002-01-13 00:00:00
4	Mr Nobody	f	3	\N
\.


--
-- Data for Name: Genres; Type: TABLE DATA; Schema: public; Owner: Bartlomiej.Zawada
--

COPY public."Genres" ("Id", "Name") FROM stdin;
1	Action
2	Comedy
3	Drama
4	Romance
5	Thriller
6	Family
\.


--
-- Data for Name: MembershipTypes; Type: TABLE DATA; Schema: public; Owner: Bartlomiej.Zawada
--

COPY public."MembershipTypes" ("Id", "Name", "SignUpFee", "DurationInMonths", "DiscountRate") FROM stdin;
1	Pay As You Go	0	0	0
2	Monthly	30	1	10
3	Quarterly	90	3	15
4	Monthly	300	12	10
\.


--
-- Data for Name: Movies; Type: TABLE DATA; Schema: public; Owner: Bartlomiej.Zawada
--

COPY public."Movies" ("Id", "Name", "ReleaseDate", "AddDate", "NumberInStock", "GenreId") FROM stdin;
1	Shrek	2008-04-06 00:00:00	2020-06-01 00:00:00	2	2
2	Die Hard	1996-12-04 00:00:00	2020-01-11 00:00:00	1	1
3	Matrix	2004-08-24 00:00:00	2020-05-25 00:00:00	5	1
4	4 Wedding And Funeral	1998-02-23 00:00:00	2020-01-06 00:00:00	3	4
5	7 Sins	2000-04-06 00:00:00	2020-06-17 00:00:00	3	5
6	Beethoven	1994-09-10 00:00:00	2020-07-10 00:00:00	1	6
7	Door In The Floor	1994-09-10 00:00:00	2020-07-10 00:00:00	1	3
\.


--
-- Data for Name: __MigrationHistory; Type: TABLE DATA; Schema: public; Owner: Bartlomiej.Zawada
--

COPY public."__MigrationHistory" ("MigrationId", "ContextKey", "Model", "ProductVersion") FROM stdin;
202007120802455_InitialModel	Vidly.Migrations.Configuration	\\x1f8b0800000000000400e55d5b6fdcb8157e2fd0ff20e8a92dbc9ed8de18a931b30b676cb746633bc83841df025ae28c8548d4ac4439368afd657de84fea5f28a92baf1275198d9c6281602c92df393cfc481e5e0ef7bffffecffcd7e7c0b79e60147b215ad847876f6c0b2227743db459d8095efff4cefef5973ffe617ee906cfd69722df09cd474aa278613f62bc3d9bcd62e71106203e0c3c270ae3708d0f9d309801379c1dbf79f3d7d9d1d10c12089b6059d6fc5382b017c0f40ff2e732440edce204f837a10bfd38ff4e525629aa750b02186f810317f617cff55f0eb37cb675ee7b80e8b082fedab600422106986878f639862b1c8568b3da920fc0bf7fd942926f0dfc18e69a9f55d94d2bf1e698566256152ca09c24c661d012f0e824b7ca4c2cdec9b676693562b74b625ffc426b9dda6e612f531130b22d51d8d9d28f6846deb4874581032bfd7c50363ee108fdefc05a263e4e22b84030c111f00fac8fc983ef39ff802ff7e137881628f17d5629a21649e33e904f1fa3700b23fcf209ae7355af5ddb9af1e56662c1b2185326abc435c227c7b6754b8483071f966dce547885c308fe0d2218010cdd8f006318218a0153ab49d20559f4df421a2119e929b675039e3f40b4c18f0bfbf8ed5bdbbaf29ea15b7cc935f88c3cd2b148211c2550a161bdd4eb78953cc44ee43d40f73ebc85df631f52c50b4dde87a10f016a8d7b038307d2b28fde96e254767cff82db2bf9de8bf0a30b70699f0bf2fbde0be482b7e0c9dba4cd51ab8f6d7d827e9a8d7ec93a7a49cdaf62deab280c3e853e437721cbd75598440ed52eaccf770fa20dc4bcd6f359d5ab6afb9aa896618fe38bbdb67ed7892f0d5d89fc34ea4af54256de067dde5e41c80c1147a7ad75bd48a2b4f5aed14d88f063dcabe2175eec846412fcc4f4150320730a864f5e0be6d1dcaf8d707b1fe8bbb0d3b8010b1de93055d78e37a54b701e6f6f213e2c0a1e6690571181fb1e46df0e59c403cbb85cc58763533e9c1c3dac4fdebd3d05eec9e9cff0e4edf8dc50b4d6d1f1bb5d4ccb8dcec0e92052b5d3257174a358394bb2edfd35cf564d9072aa34372ab2f49a160b3c0a353cad0bd4e9539b6a2ad35b999556a84b4f28448cdd1b0a7d772bd79871e7db6d13d1b87930cfdf7326b4de8318e616103ba2501195c6b4edda684cf3bfb6b97b3c465e06c0f30718a00da42c43b4f6a200ba7d97641f411c93f1c9fd3b881f77ef1d4327890809571804db9d4bfbf81822789bd085ce98b2066b9afbefe11570885b798968a9de781f42e75b98e04be4d295f267ec342e9c750083a873ee38308eaf0899a1bba4eb932667bb1e8e0e4dfb7690963ef002b587940f9e5f8b2c9577c4a7489e9190acf28aea54fa106e3c54af52914556294bd1aa9427b7558982d46b94e790154a13b4fa64a983f98da9c587771c53d8e97b8e535f30efcbed4c9b2fdb6bdbf19c924afa02fc64ef1b03d4d669671fbe37a4b0d3ef0da99ae4f393e7526fc26039556426f046f9d52bb5e63e2768367677e0aa39b6f071c6005d77398fe3d0f1d25e201c7c8987057c25880366199e1c540bbbea4ced86d0dddb1282139516f65f241b35c3173324032f1e23f0428e6c91bf77e802fa1043ebdcc9ce20972076802bb718b19dcb7f21948711eddc80ae6262d2653d84e5fee121c7db02dfac2a4271c3098daa570a12532ee016223a0899b5958906f2f197ac4f2956306393d5e633868ef52c556cd6e91854b773a7db74d821756a1553b05ade056cea3c9dc8a9b7d208bcd45bc244b87ad36f24220a6b225d5beb1648553b973b59a3704fb322d3f02e5f45ec84786acb8c403ab5094c046b37a4c7245cbee26d6a6071f9bb6fc209eb6d0de172477da784e32d3322e17813bc1ac2651b1a4ded2bec6eec9b6efc76caf8d3aad22c23728dabffc4a896ad4848194c4ac0a8a2dbc503fd089fb162a94ef4cb57eb71bef01129404157100bcb99d8b6aa1590b41e91961f3c08eff4aaa0c4b5471320bd40a2c4c9eea13414cff716a5d2fa93330588d803ea00ab5ed2009a9f9b4b4065ef6fa154b1cd5cab55ee9ab4802db68a6b61f309488065882c334cba5dc7e46eb88827f635f3d57559518ee952e7355f4f338012ebc5f197378781a954572c642b35aded4c57774c55727ed7d8a56631c6e028fa4c6fa388a72ab241ead61826ab0ca602b9d16b0ca15919688c50283d98158adea9b782caf135717d3b59417057355628941ecc0a39b7f44650386306ee582713f02ed4409da1d88f2c67ff326d3ecb6218f20ff39926d8617e03b65b0f6d98e087fc8bb5ca221f963fadda07060419c6cce1ac2bfa2aa5241c4660038554229a687ae54531be00183c00ba1bbb7403291be7eb6866b04294e8cec80d574c674509fa3b2ba50c5450b88379c92b52a780fa92e9f196628a918b5a34f404f820529ca62d433f0990deadd597cecec2d9f2d91773047d1400a7953697b92479639495d0bc6daa476682045848e6b38c359f096d29b9f3125fa4c5154f40237a8a2e436792d63b4806546d02982a6199cbf72c0cf3d91c4bbe81cf42caa92d90b9ebf81c2a97321d62660baeee7c4cd7651d68a82eb76ff6eda915745e8bbe11ae63fafb6efd27ae355867fdcf1d5a855b27ff708dd386d7c58ddfc9d9907845ae97ee42a6b74798bbc9e2681379818700d16edfb6acb7c8e40cca6f168d6ad58ec387bce0e8dd56e5c656f7f6d243e8daacd863656daedb77d5a314c79e2c8aee28746f4da6dbbe311f9ed26dc3f6ada32db99bd13dbf36cf02e49f5a623037af253026cd1c95bf1ccf62f2292d5c54fe063ce7a6f2492db464efb9734ab2099df0341655e7309720df6c67d1e5547364c51d77165a91dc015ba1b398668eaab806cf022b92cdb1ab3bf1e2703931e756b12d3ac8f4949d70f49b9f3418bb190b8799de983bca2c10f3b925567e0b5902cbbf4f9247dabdee0e3cca8eb4faf14883a11f6db87bbdfc60537b19598fc95dd6e506f4bacbca7abc766cdd2927a44d71314b29bddc1c1736c1e7f98674f3b340d20e7596c5b60a3392f5e97613ffe6575f6e00f2d630c6d98d74fbe8f8f0447850683a8ffbcce2d8f5153bf84c60807a337b8cc0120fe19f6dab3176a44764fd13889c4710c9efec0cfc88ce4318fa83bda043cc72acb8f1718d5cf8bcb0ff95963eb3aefff9550438b0ee22c2cf33eb8df57bff2778e8435b71e6bf56503d02506aefd18fc3b6f691882c99b29b3875b690cb4b6fc874d242f7844c3730c5133206402d9f90f9010793e6f6eff64acbe8a6528d8a6974cd10236dd3b845ab4c7fa59f0facebf833f27e4b48c23d31271db7c420df0ef46636edfad478c8174a4a2bfcfe2a9efe306e4e320d6525f9c9a727b3f8f740da289395eca14c9b4742e49db5d7d47db9272ed49ed269dbf94efda04527f748f59a45a72958f550451720c51b143d61863194ee6d894e60da87250cddc11ac4feca699f99c826ff9eaf4c180f3345c161a6b01eef19fc204ed6a4a61ee94d802e7d5c0ef7df81f35817c9dfcfdd786511f2434d888af8f7a1a0f748f1dd85bc8b17fdf713832edfe9ef186cdf29b0a9f182dece82d7ff0fc2d4a712995eadebf61b903e660c7acd8d90571d7abec7604c45bcd6fe02cdc7e692eef876a251be6661e5132153ee05ee2f887c6c32e9ce70274a26a390f18970695ff3dc9e98643cc5ed3d205c8ea5129b938ff5ad1cdfcaff977ce2ecb47b616fd367d648bb67cb086d0c6d4348b84144b846625390ad24370b1097c565df7552f27873c330e98cee920c3e59232a7bfb4e1d0fa893577531adcc2a4bad5c7d2ca228bb1c692491654aa3a47635cc9d9bda2ae6791a256be26eebc4e7d361adf83c4fa3784dc0ebf8f1f1ea6ea88a0033098a57c6d34f3fee5d1995ab7aaea161f2abbbdc3ec538774e63cd0b134d0b91da0b93530c6bef55696e0cd0dcee9b5e147baf2a0f49ed1651ebf2453ce21831ff173fe29cc5dea682a0f139083a9c4b54e6b946ebb0f0cc048d8a2cd21d2b0c5ce22f9d47d85b030793647a8494be2d9ac7ff5c92e1d1bd467709de269854990c973eb7894d3dbc3af969683eaff3fc6e9b3e873d4415889a1ebd977587de279eef967a5f29b67a3510d475cccf6b685b627a6eb37929916e436408949baff478ef61b0f509587c8756e00976d18dd0ef03dc00e7a5dad5d7813437046ff6f98507361108e21ca32a4ffe241c7683e75ffe0730375eb9cc720000	6.4.4
202007120807426_PopulateMembershipTypes	Vidly.Migrations.Configuration	\\x1f8b0800000000000400e55d5b6fdcb8157e2fd0ff20e8a92dbc9ed8de18a931b30b676cb746633bc83841df025ae28c8548d4ac4439368afd657de84fea5f28a92baf1275198d9c6281602c92df393cfc481e5e0ef7bffffecffcd7e7c0b79e60147b215ad847876f6c0b2227743db459d8095efff4cefef5973ffe617ee906cfd69722df09cd474aa278613f62bc3d9bcd62e71106203e0c3c270ae3708d0f9d309801379c1dbf79f3d7d9d1d10c12089b6059d6fc5382b017c0f40ff2e732440edce204f837a10bfd38ff4e525629aa750b02186f810317f617cff55f0eb37cb675ee7b80e8b082fedab600422106986878f639862b1c8568b3da920fc0bf7fd942926f0dfc18e69a9f55d94d2bf1e698566256152ca09c24c661d012f0e824b7ca4c2cdec9b676693562b74b625ffc426b9dda6e612f531130b22d51d8d9d28f6846deb4874581032bfd7c50363ee108fdefc05a263e4e22b84030c111f00fac8fc983ef39ff802ff7e137881628f17d5629a21649e33e904f1fa3700b23fcf209ae7355af5ddb9af1e56662c1b2185326abc435c227c7b6754b8483071f966dce547885c308fe0d2218010cdd8f006318218a0153ab49d20559f4df421a2119e929b675039e3f40b4c18f0bfbf8ed5bdbbaf29ea15b7cc935f88c3cd2b148211c2550a161bdd4eb78953cc44ee43d40f73ebc85df631f52c50b4dde87a10f016a8d7b038307d2b28fde96e254767cff82db2bf9de8bf0a30b70699f0bf2fbde0be482b7e0c9dba4cd51ab8f6d7d827e9a8d7ec93a7a49cdaf62deab280c3e853e437721cbd75598440ed52eaccf770fa20dc4bcd6f359d5ab6afb9aa896618fe38bbdb67ed7892f0d5d89fc34ea4af54256de067dde5e41c80c1147a7ad75bd48a2b4f5aed14d88f063dcabe2175eec846412fcc4f4150320730a864f5e0be6d1dcaf8d707b1fe8bbb0d3b8010b1de93055d78e37a54b701e6f6f213e2c0a1e6690571181fb1e46df0e59c403cbb85cc58763533e9c1c3dac4fdebd3d05eec9e9cff0e4edf8dc50b4d6d1f1bb5d4ccb8dcec0e92052b5d3257174a358394bb2edfd35cf564d9072aa34372ab2f49a160b3c0a353cad0bd4e9539b6a2ad35b999556a84b4f28448cdd1b0a7d772bd79871e7db6d13d1b87930cfdf7326b4de8318e616103ba2501195c6b4edda684cf3bfb6b97b3c465e06c0f30718a00da42c43b4f6a200ba7d97641f411c93f1c9fd3b881f77ef1d4327890809571804db9d4bfbf81822789bd085ce98b2066b9afbefe11570885b798968a9de781f42e75b98e04be4d295f267ec342e9c750083a873ee38308eaf0899a1bba4eb932667bb1e8e0e4dfb7690963ef002b587940f9e5f8b2c9577c4a7489e9190acf28aea54fa106e3c54af52914556294bd1aa9427b7558982d46b94e790154a13b4fa64a983f98da9c587771c53d8e97b8e535f30efcbed4c9b2fdb6bdbf19c924afa02fc64ef1b03d4d669671fbe37a4b0d3ef0da99ae4f393e7526fc26039556426f046f9d52bb5e63e2768367677e0aa39b6f071c6005d77398fe3d0f1d25e201c7c8987057c25880366199e1c540bbbea4ced86d0dddb1282139516f65f241b35c3173324032f1e23f0428e6c91bf77e802fa1043ebdcc9ce20972076802bb718b19dcb7f21948711eddc80ae6262d2653d84e5fee121c7db02dfac2a4271c3098daa570a12532ee016223a0899b5958906f2f197ac4f2956306393d5e633868ef52c556cd6e91854b773a7db74d821756a1553b05ade056cea3c9dc8a9b7d208bcd45bc244b87ad36f24220a6b225d5beb1648553b973b59a3704fb322d3f02e5f45ec84786acb8c403ab5094c046b37a4c7245cbee26d6a6071f9bb6fc209eb6d0de172477da784e32d3322e17813bc1ac2651b1a4ded2bec6eec9b6efc76caf8d3aad22c23728dabffc4a896ad4848194c4ac0a8a2dbc503fd089fb162a94ef4cb57eb71bef01129404157100bcb99d8b6aa1590b41e91961f3c08eff4aaa0c4b5471320bd40a2c4c9eea13414cff716a5d2fa93330588d803ea00ab5ed2009a9f9b4b4065ef6fa154b1cd5cab55ee9ab4802db68a6b61f309488065882c334cba5dc7e46eb88827f635f3d57559518ee952e7355f4f338012ebc5f197378781a954572c642b35aded4c57774c55727ed7d8a56631c6e028fa4c6fa388a72ab241ead61826ab0ca602b9d16b0ca15919688c50283d98158adea9b782caf135717d3b59417057355628941ecc0a39b7f44650386306ee582713f02ed4409da1d88f2c67ff326d3ecb6218f20ff39926d8617e03b65b0f6d98e087fc8bb5ca221f963fadda07060419c6cce1ac2bfa2aa5241c4660038554229a687ae54531be00183c00ba1bbb7403291be7eb6866b04294e8cec80d574c674509fa3b2ba50c5450b88379c92b52a780fa92e9f196628a918b5a34f404f820529ca62d433f0990deadd597cecec2d9f2d91773047d1400a7953697b92479639495d0bc6daa476682045848e6b38c359f096d29b9f3125fa4c5154f40237a8a2e436792d63b4806546d02982a6199cbf72c0cf3d91c4bbe81cf42caa92d90b9ebf81c2a97321d62660baeee7c4cd7651d68a82eb76ff6eda915745e8bbe11ae63fafb6efd27ae355867fdcf1d5a855b27ff708dd386d7c58ddfc9d9907845ae97ee42a6b74798bbc9e2681379818700d16edfb6acb7c8e40cca6f168d6ad58ec387bce0e8dd56e5c656f7f6d243e8daacd863656daedb77d5a314c79e2c8aee28746f4da6dbbe311f9ed26dc3f6ada32db99bd13dbf36cf02e49f5a623037af253026cd1c95bf1ccf62f2292d5c54fe063ce7a6f2492db464efb9734ab2099df0341655e7309720df6c67d1e5547364c51d77165a91dc015ba1b398668eaab806cf022b92cdb1ab3bf1e2703931e756b12d3ac8f4949d70f49b9f3418bb190b8799de983bca2c10f3b925567e0b5902cbbf4f9247dabdee0e3cca8eb4faf14883a11f6db87bbdfc60537b19598fc95dd6e506f4bacbca7abc766cdd2927a44d71314b29bddc1c1736c1e7f98674f3b340d20e7596c5b60a3392f5e97613ffe6575f6e00f2d630c6d98d74fbe8f8f0447850683a8ffbcce2d8f5153bf84c60807a337b8cc0120fe19f6dab3176a44764fd13889c4710c9efec0cfc88ce4318fa83bda043cc72acb8f1718d5cf8bcb0ff95963eb3aefff9550438b0ee22c2cf33eb8df57bff2778e8435b71e6bf56503d02506aefd18fc3b6f691882c99b29b3875b690cb4b6fc874d242f7844c3730c5133206402d9f90f9010793e6f6eff64acbe8a6528d8a6974cd10236dd3b845ab4c7fa59f0facebf833f27e4b48c23d31271db7c420df0ef46636edfad478c8174a4a2bfcfe2a9efe306e4e320d6525f9c9a727b3f8f740da289395eca14c9b4742e49db5d7d47db9272ed49ed269dbf94efda04527f748f59a45a72958f550451720c51b143d61863194ee6d894e60da87250cddc11ac4feca699f99c826ff9eaf4c180f3345c161a6b01eef19fc204ed6a4a61ee94d802e7d5c0ef7df81f35817c9dfcfdd786511f2434d888af8f7a1a0f748f1dd85bc8b17fdf713832edfe9ef186cdf29b0a9f182dece82d7ff0fc2d4a712995eadebf61b903e660c7acd8d90571d7abec7604c45bcd6fe02cdc7e692eef876a251be6661e5132153ee05ee2f887c6c32e9ce70274a26a390f18970695ff3dc9e98643cc5ed3d205c8ea5129b938ff5ad1cdfcaff977ce2ecb47b616fd367d648bb67cb086d0c6d4348b84144b846625390ad24370b1097c565df7552f27873c330e98cee920c3e59232a7bfb4e1d0fa893577531adcc2a4bad5c7d2ca228bb1c692491654aa3a47635cc9d9bda2ae6791a256be26eebc4e7d361adf83c4fa3784dc0ebf8f1f1ea6ea88a0033098a57c6d34f3fee5d1995ab7aaea161f2abbbdc3ec538774e63cd0b134d0b91da0b93530c6bef55696e0cd0dcee9b5e147baf2a0f49ed1651ebf2453ce21831ff173fe29cc5dea682a0f139083a9c4b54e6b946ebb0f0cc048d8a2cd21d2b0c5ce22f9d47d85b030793647a8494be2d9ac7ff5c92e1d1bd467709de269854990c973eb7894d3dbc3af969683eaff3fc6e9b3e873d4415889a1ebd977587de279eef967a5f29b67a3510d475cccf6b685b627a6eb37929916e436408949baff478ef61b0f509587c8756e00976d18dd0ef03dc00e7a5dad5d7813437046ff6f98507361108e21ca32a4ffe241c7683e75ffe0730375eb9cc720000	6.4.4
202007130727419_AddGenreAndOtherPropertiesToMovie	Vidly.Migrations.Configuration	\\x1f8b0800000000000400dd5ddb6ee4b8117d0f907f10f494045ef7d8de3126467b171e5f3646c6f660da33c89b414b745b1889ea95288f8d60bf2c0ff9a4fc424889927895a84babdbc6028bb6489e2a168b6415c9aaf9df7ffe3bfff5390a9d2798a4418c8eddbddd77ae039117fb015a1ebb197ef8e983fbeb2f7ffed3fcdc8f9e9d6f65bd035a8fb444e9b1fb88f1ea68364bbd47188174370abc244ee307bcebc5d10cf8f16cffddbbbfcff6f6669040b804cb71e65f32848308e67f903f4f63e4c115ce407815fb304cd97752b2c8519d6b10c174053c78ec7e0bfcf065b7a8e73a276100080f0b183eb80e4028c600130e8fbea6708193182d172bf20184b72f2b48ea3d8030858cf3a3baba6d27deedd34eccea86259497a5388e3a02ee1d30a9cce4e6bd64eb565223723b27f2c52fb4d7b9ec8eddd39c044c5c472676741a26b4a228daddb2c18e937fdea9069fe808fd6fc739cd429c25f018c10c2720dc713e67f761e0fd13bedcc6df213a465918f24c11b64899f0817cfa9cc42b98e0972ff081b17ae9bbce4c6c37931b56cdb83645272e113ed8779d6b421cdc87b01a73aec30b1c27f03788600230f43f038c61822806cca5a6509768d1ff97d488929199e23a57e0f913444bfc78eceebf7fef3a17c133f4cb2f8c83af2820138b34c24906351c3653bd4c17d97dea25c13df46fe36bf8230d2165bce4e4631c8710a0ceb85730ba2723fb18ac284e2dc78f2fb83b931f83043ffa0057f23923bf6f83486d780d9e82653e1c8dfcb8ce1718e6d5e89762a257aa7927d7bd48e2e84b1c72ea2e55b95bc459e251eee2e67ab72059422c723d9fd5b3aa71aec96c59ce38b1d96b9b77bdf4a5652a919f5653a999c82258a2afab0b08b92562efb033af6759928fde25ba8a117e4c0775fc2c48bd986c825fb8b9620164af82f153d041f368edd7a6701b5fe86db5b3a36a90050f82149e6957d18e5827be3f0ace754697a64b4404ea7d1f368dc870249db719e36e91a36937895ca7ef5879bd31709f95cd802f1bb40130aa96b32faffdda66dfb62cf7d663524e7a3ad44d437355d9d827e9ea1ae2ddb2e16e01799110b81f71f27d9747dc71acdbd543bc6f3bc4077bf70f071fde1f02ffe0f06778f07efae1d68cd6defe87752c7fadd6f5e128548d2b0af11c9354bba2f0e37dc7aad50b8b5aaaac2f9a2a839699128f428dafd625eaf6ab36e554556f6d55daa13e33a12431f56c28f95d2f5d6b8d3b59adda144dd8da58fd819b9bf391d8434c02f244943aa2e3988e5d178e69fdd7b61d4fa791e71108c21116680b2aa7317a089208fa43cf383e833425eb93ff0f903eaedfdd845e9610255c6010add64eedf3638c60619e4f496bb4a1b9fd115f008ff869e788b61a8cf78938287186cf51eef87cc55eeb4994096014764e3c0fa6e9055166e89f5287bfcd7b6d86a34bd3a60da4d3100491de42628be75d59a5b68ec412c532928a755651134b9fe265809a592aaba82c152546965871579628483347ac86ca505e60e4a7281dcd6ecc253ebee198c36ebfe5b8ed27509b323bf3e12b0eafd7bca7e494be8130dbf8c10095753ed9c79f0d39ecf6cf869c4df2f929f0a93561e14e959509bc557dbda7d63ee724cea69e0e4237a7263ecd1a609a2e27691a7b413e0ba49b64f9f64dec0431c01ccbabb8dab1ab2fa9af88ba072ba2e084a563f76f8a8cdae1cb1d928397efe544227baeacbf37e80c861043e7c42b2ef54f41ea015f1d31223b5ffc42541e26747203eac5a464ca0608abf323405eb002a15d57a4e6961b1a65af2224979cc115447411b21b2b1b0ed4fb64959f8aac24c636a9cd679c3a366b297ffc6f521ded5d00a72ec51d9abd2aeaee0f383c762bb06d5aa7e17a024dd3c8de866a757bb411a5d29c009b74a1e938d87492b546cd68644ca3abead172db34e8a57b66294da0826649d810d79f244fa48892a36d1a6b93d75d8f73753c3a89ee19dc7c83de31d7742d8aa797cc044aa717810d61e32dc7940ac78e51da06583e53d9b4c2498738068563dedf5a154e94cc840a278ae0d5285c714ad636bed291d9a6d54d3ca39b7e5bd58a65425d13fabf65aa56b8b9a40d262d6052abdbd93dfd089fb1e6fc87f0c78e8052e64dcb2a404117104b3e72ea3ab55bad38b98a232182889e940e4a7668db00a9cdadc5293c9d96e6b9edad6bce1c9b96e6ecbc5b696dbecdd580c813a809b09e642da0ec2d8702542d1e1d982aaf3e1ab962964d07d8f2faa21196ed5f122c370f5405559e5073b55b5e5bcb53d5fec4a7eaa8305194b96f7fc6c3012a93465ebe457158884a7848a88ac778d0d07ad4c073cd6666830c74870b1c423939077757f7ca49ed759b276ceb0b733d60d3b941040dae2b87a35922060b45bed85405d2e491d9f8645c0798d01b0461f0a30c4228991e4d0ae562649682ce4db071147a494132ee0d5228991e4d0a4cb7cc42d098ae16c66b2f118806e74893a1bc12a86ca5aa6c3e2be2f2d887f9cc10c037bf02ab5580965c401ffbe22c8a68bed39f16dd83dda20263e609d2952dbb8a128e13b0845229214d38bd0892149f010cee01bd1039f523a59a60191a36ec92946cfca90357eede650bfabb68a50dbed318cface505e953442deffc8659b3a3aa4d1d1a4e094290682eb44fe3308b90d90930b72e9ea3f0ed8b2ff608e6c836812b632d7b4aeadd044fa1fde6c28ccc05bef190dc67156b3e93c652717e147d515c515101add453b6907a2b69b33d68a1aa6d00dbaab05c40190fc37db6c752a3ca7848b5b403b2106226a00a25dba3988511dc5f1f732fb6871aeadb6dabf609f1613c9050608f57c588f158d5c70e3d1363c4842e8a45f698d5751f8f66bc03dc98e632e7abb7e66abd470bcd35b4dbb4e66e68144cf6b679102e53fafbe6e12fc268f06ee65f7b8c8a70a0f5e606a78b5e97e1225b274362cffb417edb903f3de4025be47d3209a20001c2dda665d92c91ad13a878aa3ba9547b2e1faaab3c78acaa13e8fee36586308d597997c2cbdc74bf6246299f37080686e1c9c3c686cc74f068bf3ce5e7fbdd47c7d8723dab3b8bb9e201d8a78e185cd88e02c695d9a38a91553ca658d2c1b912c3a704074b2ceac0251f242530c917f4c23348545fc39e821a16c5a3aba5f6c89a00291e5a53dc035bc3b35cd6c1415163a80457452db6c7ae03aae4e572cb8c5bcd81fe28db537115396c7f3260ac672d1c677be3025c7820ee73472c16c2a280b1ef5ba947c65b9a1e7a54dc3d0fd323038679b5118242c4c5a63192c58c29447a080b7a53a48b19af9bb6ae552794eb1cb94a45bdbad691ae6fe6ec2aa53d49a372b75254719d528cc43f5d2dd3dfc3facb1540c1034c7111cee4eeedef1e48e91db727d5e22c4d7d21c8bf21dfa238401344250608ffec3aad818703d2b23c81c47b04899af570e49486f7711c8e96cf9088655ff3b2eb12f9f0f9d8fd77defac8b9fcd79d0cb0e3dc24443f8f9c77ce1fc31322d2b4a76961bfd65003a2171b83b0a6d1b6ee61ecbc32152fee9a64a1b65732faf5e2c294d0af1f9826a19f0550c7847e6f703191c7bf6f8e3cedc4ea9324af3f90364b5e2f6d9292e459af5dac5d8725ab634ebbb7b8bef44b2137b92474bb6e1efa3bc64edea65bb4cbf457fe79c7b94cbfa2e0f78c14dc12715225933390f4583eb943e1213d1e337d5a25853f5e455e32ebe1244b45d1525c29066a9698acac0b3345cb01cc74c960a69edcbea6e92be4dfd25be2875ded297db6ad5ee6b72ed5562f134f9745ab0f902641d640987104654a7cd50bcc98f5cad2dd68401cce9c310756615c0e4c8165bdcc940dc7d9c206245b7a2346fc566d3d4ac2a23e735ccd45b406e3b129cdd03073e395a5ef196b43d424e7190b7a832abebe7c3c72c457433ce12441b3753ca43648722d01b2ad4f97d79659e7ade5d06171716a34e824bac30257d550d6b5688de999e67a92e3bcdd7c38db9202a776fc1ba387d79ef966ca64370d4fd25e758e9b0d667dd0447637c77daf33e7c3d4ba647a3fb2a5e944ecf2d76c89323137a139daff2d2993e911c9962a93556e9a2dd1a54ded731bd224eb2d6ee39967d430647938d98b1ef96149536699e2b9cdb1bbca930493712ffc4c63b68d96dc3316a9670c14dbd27128740bf35d25577c3751d1a6cfd027b031e7af31801b326bc8e0a21dabd0108b0da48ab4d0fa387d13bd7afe1a69d6551ae99a7304c8b4ab654c215995b452ead6436639357691d569a56cc887d1449eedb58de4599d56f2864414d3a7e9d1cf715d64b6ba3aea8e6fb8f6c61c571b4abf23cc7c2e74b2a963c252c4050a0fefd29a53ec681380e81261b5180b8657bada945adb905247e0d890bbabcd716b7ce13e5ea7c7cba033a8d3c2b266788e3d5ea7c74a9833a8cb63aa76870439eacb69624866885ecf167f9dc13458d61034a012414f3021ab3a97e8212e2d5989a3b28af22816039fd89727090e1e80874931bd93cdff250116b0794e567cff12dd64789561d265b20384c2ad10b5889be8e75980449ee737abfc1fbf19a30b84cd803ea4bd411fb320f42bbe2f34772706086a6ab30b503a96985e842e5f2aa4eb18590231f1551ec22d8c5621014b6fd0023cc13ebc11f5fb0497c07ba9afc94c20ed03218a7d7e16806502a29461d4edc99f4487fde8f997ff038c6f92660b820000	6.4.4
202007130728529_PopulateGenres	Vidly.Migrations.Configuration	\\x1f8b0800000000000400dd5ddb6ee4b8117d0f907f10f494045ef7d8de3126467b171e5f3646c6f660da33c89b414b745b1889ea95288f8d60bf2c0ff9a4fc424889927895a84babdbc6028bb6489e2a168b6415c9aaf9df7ffe3bfff5390a9d2798a4418c8eddbddd77ae039117fb015a1ebb197ef8e983fbeb2f7ffed3fcdc8f9e9d6f65bd035a8fb444e9b1fb88f1ea68364bbd47188174370abc244ee307bcebc5d10cf8f16cffddbbbfcff6f6669040b804cb71e65f32848308e67f903f4f63e4c115ce407815fb304cd97752b2c8519d6b10c174053c78ec7e0bfcf065b7a8e73a276100080f0b183eb80e4028c600130e8fbea6708193182d172bf20184b72f2b48ea3d8030858cf3a3baba6d27deedd34eccea86259497a5388e3a02ee1d30a9cce4e6bd64eb565223723b27f2c52fb4d7b9ec8eddd39c044c5c472676741a26b4a228daddb2c18e937fdea9069fe808fd6fc739cd429c25f018c10c2720dc713e67f761e0fd13bedcc6df213a465918f24c11b64899f0817cfa9cc42b98e0972ff081b17ae9bbce4c6c37931b56cdb83645272e113ed8779d6b421cdc87b01a73aec30b1c27f03788600230f43f038c61822806cca5a6509768d1ff97d488929199e23a57e0f913444bfc78eceebf7fef3a17c133f4cb2f8c83af2820138b34c24906351c3653bd4c17d97dea25c13df46fe36bf8230d2165bce4e4631c8710a0ceb85730ba2723fb18ac284e2dc78f2fb83b931f83043ffa0057f23923bf6f83486d780d9e82653e1c8dfcb8ce1718e6d5e89762a257aa7927d7bd48e2e84b1c72ea2e55b95bc459e251eee2e67ab72059422c723d9fd5b3aa71aec96c59ce38b1d96b9b77bdf4a5652a919f5653a999c82258a2afab0b08b92562efb033af6759928fde25ba8a117e4c0775fc2c48bd986c825fb8b9620164af82f153d041f368edd7a6701b5fe86db5b3a36a90050f82149e6957d18e5827be3f0ace754697a64b4404ea7d1f368dc870249db719e36e91a36937895ca7ef5879bd31709f95cd802f1bb40130aa96b32faffdda66dfb62cf7d663524e7a3ad44d437355d9d827e9ea1ae2ddb2e16e01799110b81f71f27d9747dc71acdbd543bc6f3bc4077bf70f071fde1f02ffe0f06778f07efae1d68cd6defe87752c7fadd6f5e128548d2b0af11c9354bba2f0e37dc7aad50b8b5aaaac2f9a2a839699128f428dafd625eaf6ab36e554556f6d55daa13e33a12431f56c28f95d2f5d6b8d3b59adda144dd8da58fd819b9bf391d8434c02f244943aa2e3988e5d178e69fdd7b61d4fa791e71108c21116680b2aa7317a089208fa43cf383e833425eb93ff0f903eaedfdd845e9610255c6010add64eedf3638c60619e4f496bb4a1b9fd115f008ff869e788b61a8cf78938287186cf51eef87cc55eeb4994096014764e3c0fa6e9055166e89f5287bfcd7b6d86a34bd3a60da4d3100491de42628be75d59a5b68ec412c532928a755651134b9fe265809a592aaba82c152546965871579628483347ac86ca505e60e4a7281dcd6ecc253ebee198c36ebfe5b8ed27509b323bf3e12b0eafd7bca7e494be8130dbf8c10095753ed9c79f0d39ecf6cf869c4df2f929f0a93561e14e959509bc557dbda7d63ee724cea69e0e4237a7263ecd1a609a2e27691a7b413e0ba49b64f9f64dec0431c01ccbabb8dab1ab2fa9af88ba072ba2e084a563f76f8a8cdae1cb1d928397efe544227baeacbf37e80c861043e7c42b2ef54f41ea015f1d31223b5ffc42541e26747203eac5a464ca0608abf323405eb002a15d57a4e6961b1a65af2224979cc115447411b21b2b1b0ed4fb64959f8aac24c636a9cd679c3a366b297ffc6f521ded5d00a72ec51d9abd2aeaee0f383c762bb06d5aa7e17a024dd3c8de866a757bb411a5d29c009b74a1e938d87492b546cd68644ca3abead172db34e8a57b66294da0826649d810d79f244fa48892a36d1a6b93d75d8f73753c3a89ee19dc7c83de31d7742d8aa797cc044aa717810d61e32dc7940ac78e51da06583e53d9b4c2498738068563dedf5a154e94cc840a278ae0d5285c714ad636bed291d9a6d54d3ca39b7e5bd58a65425d13fabf65aa56b8b9a40d262d6052abdbd93dfd089fb1e6fc87f0c78e8052e64dcb2a404117104b3e72ea3ab55bad38b98a232182889e940e4a7668db00a9cdadc5293c9d96e6b9edad6bce1c9b96e6ecbc5b696dbecdd580c813a809b09e642da0ec2d8702542d1e1d982aaf3e1ab962964d07d8f2faa21196ed5f122c370f5405559e5073b55b5e5bcb53d5fec4a7eaa8305194b96f7fc6c3012a93465ebe457158884a7848a88ac778d0d07ad4c073cd6666830c74870b1c423939077757f7ca49ed759b276ceb0b733d60d3b941040dae2b87a35922060b45bed85405d2e491d9f8645c0798d01b0461f0a30c4228991e4d0ae562649682ce4db071147a494132ee0d5228991e4d0a4cb7cc42d098ae16c66b2f118806e74893a1bc12a86ca5aa6c3e2be2f2d887f9cc10c037bf02ab5580965c401ffbe22c8a68bed39f16dd83dda20263e609d2952dbb8a128e13b0845229214d38bd0892149f010cee01bd1039f523a59a60191a36ec92946cfca90357eede650bfabb68a50dbed318cface505e953442deffc8659b3a3aa4d1d1a4e094290682eb44fe3308b90d90930b72e9ea3f0ed8b2ff608e6c836812b632d7b4aeadd044fa1fde6c28ccc05bef190dc67156b3e93c652717e147d515c515101add453b6907a2b69b33d68a1aa6d00dbaab05c40190fc37db6c752a3ca7848b5b403b2106226a00a25dba3988511dc5f1f732fb6871aeadb6dabf609f1613c9050608f57c588f158d5c70e3d1363c4842e8a45f698d5751f8f66bc03dc98e632e7abb7e66abd470bcd35b4dbb4e66e68144cf6b679102e53fafbe6e12fc268f06ee65f7b8c8a70a0f5e606a78b5e97e1225b274362cffb417edb903f3de4025be47d3209a20001c2dda665d92c91ad13a878aa3ba9547b2e1faaab3c78acaa13e8fee36586308d597997c2cbdc74bf6246299f37080686e1c9c3c686cc74f068bf3ce5e7fbdd47c7d8723dab3b8bb9e201d8a78e185cd88e02c695d9a38a91553ca658d2c1b912c3a704074b2ceac0251f242530c917f4c23348545fc39e821a16c5a3aba5f6c89a00291e5a53dc035bc3b35cd6c1415163a80457452db6c7ae03aae4e572cb8c5bcd81fe28db537115396c7f3260ac672d1c677be3025c7820ee73472c16c2a280b1ef5ba947c65b9a1e7a54dc3d0fd323038679b5118242c4c5a63192c58c29447a080b7a53a48b19af9bb6ae552794eb1cb94a45bdbad691ae6fe6ec2aa53d49a372b75254719d528cc43f5d2dd3dfc3facb1540c1034c7111cee4eeedef1e48e91db727d5e22c4d7d21c8bf21dfa238401344250608ffec3aad818703d2b23c81c47b04899af570e49486f7711c8e96cf9088655ff3b2eb12f9f0f9d8fd77defac8b9fcd79d0cb0e3dc24443f8f9c77ce1fc31322d2b4a76961bfd65003a2171b83b0a6d1b6ee61ecbc32152fee9a64a1b65732faf5e2c294d0af1f9826a19f0550c7847e6f703191c7bf6f8e3cedc4ea9324af3f90364b5e2f6d9292e459af5dac5d8725ab634ebbb7b8bef44b2137b92474bb6e1efa3bc64edea65bb4cbf457fe79c7b94cbfa2e0f78c14dc12715225933390f4583eb943e1213d1e337d5a25853f5e455e32ebe1244b45d1525c29066a9698acac0b3345cb01cc74c960a69edcbea6e92be4dfd25be2875ded297db6ad5ee6b72ed5562f134f9745ab0f902641d640987104654a7cd50bcc98f5cad2dd68401cce9c310756615c0e4c8165bdcc940dc7d9c206245b7a2346fc566d3d4ac2a23e735ccd45b406e3b129cdd03073e395a5ef196b43d424e7190b7a832abebe7c3c72c457433ce12441b3753ca43648722d01b2ad4f97d79659e7ade5d06171716a34e824bac30257d550d6b5688de999e67a92e3bcdd7c38db9202a776fc1ba387d79ef966ca64370d4fd25e758e9b0d667dd0447637c77daf33e7c3d4ba647a3fb2a5e944ecf2d76c89323137a139daff2d2993e911c9962a93556e9a2dd1a54ded731bd224eb2d6ee39967d430647938d98b1ef96149536699e2b9cdb1bbca930493712ffc4c63b68d96dc3316a9670c14dbd27128740bf35d25577c3751d1a6cfd027b031e7af31801b326bc8e0a21dabd0108b0da48ab4d0fa387d13bd7afe1a69d6551ae99a7304c8b4ab654c215995b452ead6436639357691d569a56cc887d1449eedb58de4599d56f2864414d3a7e9d1cf715d64b6ba3aea8e6fb8f6c61c571b4abf23cc7c2e74b2a963c252c4050a0fefd29a53ec681380e81261b5180b8657bada945adb905247e0d890bbabcd716b7ce13e5ea7c7cba033a8d3c2b266788e3d5ea7c74a9833a8cb63aa76870439eacb69624866885ecf167f9dc13458d61034a012414f3021ab3a97e8212e2d5989a3b28af22816039fd89727090e1e80874931bd93cdff250116b0794e567cff12dd64789561d265b20384c2ad10b5889be8e75980449ee737abfc1fbf19a30b84cd803ea4bd411fb320f42bbe2f34772706086a6ab30b503a96985e842e5f2aa4eb18590231f1551ec22d8c5621014b6fd0023cc13ebc11f5fb0497c07ba9afc94c20ed03218a7d7e16806502a29461d4edc99f4487fde8f997ff038c6f92660b820000	6.4.4
\.


--
-- Name: AspNetUserClaims_Id_seq; Type: SEQUENCE SET; Schema: public; Owner: Bartlomiej.Zawada
--

SELECT pg_catalog.setval('public."AspNetUserClaims_Id_seq"', 1, false);


--
-- Name: Customers_Id_seq; Type: SEQUENCE SET; Schema: public; Owner: Bartlomiej.Zawada
--

SELECT pg_catalog.setval('public."Customers_Id_seq"', 1, true);


--
-- Name: Movies_Id_seq; Type: SEQUENCE SET; Schema: public; Owner: Bartlomiej.Zawada
--

SELECT pg_catalog.setval('public."Movies_Id_seq"', 1, false);


--
-- Name: AspNetRoles PK_public.AspNetRoles; Type: CONSTRAINT; Schema: public; Owner: Bartlomiej.Zawada
--

ALTER TABLE ONLY public."AspNetRoles"
    ADD CONSTRAINT "PK_public.AspNetRoles" PRIMARY KEY ("Id");


--
-- Name: AspNetUserClaims PK_public.AspNetUserClaims; Type: CONSTRAINT; Schema: public; Owner: Bartlomiej.Zawada
--

ALTER TABLE ONLY public."AspNetUserClaims"
    ADD CONSTRAINT "PK_public.AspNetUserClaims" PRIMARY KEY ("Id");


--
-- Name: AspNetUserLogins PK_public.AspNetUserLogins; Type: CONSTRAINT; Schema: public; Owner: Bartlomiej.Zawada
--

ALTER TABLE ONLY public."AspNetUserLogins"
    ADD CONSTRAINT "PK_public.AspNetUserLogins" PRIMARY KEY ("LoginProvider", "ProviderKey", "UserId");


--
-- Name: AspNetUserRoles PK_public.AspNetUserRoles; Type: CONSTRAINT; Schema: public; Owner: Bartlomiej.Zawada
--

ALTER TABLE ONLY public."AspNetUserRoles"
    ADD CONSTRAINT "PK_public.AspNetUserRoles" PRIMARY KEY ("UserId", "RoleId");


--
-- Name: AspNetUsers PK_public.AspNetUsers; Type: CONSTRAINT; Schema: public; Owner: Bartlomiej.Zawada
--

ALTER TABLE ONLY public."AspNetUsers"
    ADD CONSTRAINT "PK_public.AspNetUsers" PRIMARY KEY ("Id");


--
-- Name: Customers PK_public.Customers; Type: CONSTRAINT; Schema: public; Owner: Bartlomiej.Zawada
--

ALTER TABLE ONLY public."Customers"
    ADD CONSTRAINT "PK_public.Customers" PRIMARY KEY ("Id");


--
-- Name: Genres PK_public.Genres; Type: CONSTRAINT; Schema: public; Owner: Bartlomiej.Zawada
--

ALTER TABLE ONLY public."Genres"
    ADD CONSTRAINT "PK_public.Genres" PRIMARY KEY ("Id");


--
-- Name: MembershipTypes PK_public.MembershipTypes; Type: CONSTRAINT; Schema: public; Owner: Bartlomiej.Zawada
--

ALTER TABLE ONLY public."MembershipTypes"
    ADD CONSTRAINT "PK_public.MembershipTypes" PRIMARY KEY ("Id");


--
-- Name: Movies PK_public.Movies; Type: CONSTRAINT; Schema: public; Owner: Bartlomiej.Zawada
--

ALTER TABLE ONLY public."Movies"
    ADD CONSTRAINT "PK_public.Movies" PRIMARY KEY ("Id");


--
-- Name: __MigrationHistory PK_public.__MigrationHistory; Type: CONSTRAINT; Schema: public; Owner: Bartlomiej.Zawada
--

ALTER TABLE ONLY public."__MigrationHistory"
    ADD CONSTRAINT "PK_public.__MigrationHistory" PRIMARY KEY ("MigrationId", "ContextKey");


--
-- Name: AspNetRoles_RoleNameIndex; Type: INDEX; Schema: public; Owner: Bartlomiej.Zawada
--

CREATE UNIQUE INDEX "AspNetRoles_RoleNameIndex" ON public."AspNetRoles" USING btree ("Name");


--
-- Name: AspNetUserClaims_IX_UserId; Type: INDEX; Schema: public; Owner: Bartlomiej.Zawada
--

CREATE INDEX "AspNetUserClaims_IX_UserId" ON public."AspNetUserClaims" USING btree ("UserId");


--
-- Name: AspNetUserLogins_IX_UserId; Type: INDEX; Schema: public; Owner: Bartlomiej.Zawada
--

CREATE INDEX "AspNetUserLogins_IX_UserId" ON public."AspNetUserLogins" USING btree ("UserId");


--
-- Name: AspNetUserRoles_IX_RoleId; Type: INDEX; Schema: public; Owner: Bartlomiej.Zawada
--

CREATE INDEX "AspNetUserRoles_IX_RoleId" ON public."AspNetUserRoles" USING btree ("RoleId");


--
-- Name: AspNetUserRoles_IX_UserId; Type: INDEX; Schema: public; Owner: Bartlomiej.Zawada
--

CREATE INDEX "AspNetUserRoles_IX_UserId" ON public."AspNetUserRoles" USING btree ("UserId");


--
-- Name: AspNetUsers_UserNameIndex; Type: INDEX; Schema: public; Owner: Bartlomiej.Zawada
--

CREATE UNIQUE INDEX "AspNetUsers_UserNameIndex" ON public."AspNetUsers" USING btree ("UserName");


--
-- Name: Customers_IX_MembershipTypeId; Type: INDEX; Schema: public; Owner: Bartlomiej.Zawada
--

CREATE INDEX "Customers_IX_MembershipTypeId" ON public."Customers" USING btree ("MembershipTypeId");


--
-- Name: Movies_IX_GenreId; Type: INDEX; Schema: public; Owner: Bartlomiej.Zawada
--

CREATE INDEX "Movies_IX_GenreId" ON public."Movies" USING btree ("GenreId");


--
-- Name: AspNetUserClaims FK_public.AspNetUserClaims_public.AspNetUsers_UserId; Type: FK CONSTRAINT; Schema: public; Owner: Bartlomiej.Zawada
--

ALTER TABLE ONLY public."AspNetUserClaims"
    ADD CONSTRAINT "FK_public.AspNetUserClaims_public.AspNetUsers_UserId" FOREIGN KEY ("UserId") REFERENCES public."AspNetUsers"("Id") ON DELETE CASCADE;


--
-- Name: AspNetUserLogins FK_public.AspNetUserLogins_public.AspNetUsers_UserId; Type: FK CONSTRAINT; Schema: public; Owner: Bartlomiej.Zawada
--

ALTER TABLE ONLY public."AspNetUserLogins"
    ADD CONSTRAINT "FK_public.AspNetUserLogins_public.AspNetUsers_UserId" FOREIGN KEY ("UserId") REFERENCES public."AspNetUsers"("Id") ON DELETE CASCADE;


--
-- Name: AspNetUserRoles FK_public.AspNetUserRoles_public.AspNetRoles_RoleId; Type: FK CONSTRAINT; Schema: public; Owner: Bartlomiej.Zawada
--

ALTER TABLE ONLY public."AspNetUserRoles"
    ADD CONSTRAINT "FK_public.AspNetUserRoles_public.AspNetRoles_RoleId" FOREIGN KEY ("RoleId") REFERENCES public."AspNetRoles"("Id") ON DELETE CASCADE;


--
-- Name: AspNetUserRoles FK_public.AspNetUserRoles_public.AspNetUsers_UserId; Type: FK CONSTRAINT; Schema: public; Owner: Bartlomiej.Zawada
--

ALTER TABLE ONLY public."AspNetUserRoles"
    ADD CONSTRAINT "FK_public.AspNetUserRoles_public.AspNetUsers_UserId" FOREIGN KEY ("UserId") REFERENCES public."AspNetUsers"("Id") ON DELETE CASCADE;


--
-- Name: Customers FK_public.Customers_public.MembershipTypes_MembershipTypeId; Type: FK CONSTRAINT; Schema: public; Owner: Bartlomiej.Zawada
--

ALTER TABLE ONLY public."Customers"
    ADD CONSTRAINT "FK_public.Customers_public.MembershipTypes_MembershipTypeId" FOREIGN KEY ("MembershipTypeId") REFERENCES public."MembershipTypes"("Id") ON DELETE CASCADE;


--
-- Name: Movies FK_public.Movies_public.Genres_GenreId; Type: FK CONSTRAINT; Schema: public; Owner: Bartlomiej.Zawada
--

ALTER TABLE ONLY public."Movies"
    ADD CONSTRAINT "FK_public.Movies_public.Genres_GenreId" FOREIGN KEY ("GenreId") REFERENCES public."Genres"("Id") ON DELETE CASCADE;


--
-- PostgreSQL database dump complete
--

